<?xml version="1.0" encoding="UTF-8"?>
<project-private xmlns="http://www.netbeans.org/ns/project-private/1">
    <editor-bookmarks xmlns="http://www.netbeans.org/ns/editor-bookmarks/2" lastBookmarkId="0"/>
    <open-files xmlns="http://www.netbeans.org/ns/projectui-open-files/2">
        <group>
            <file>file:/Users/aomms/componentbased/CircleClient/xml-resources/web-service-references/CircleArea/wsdl/localhost_8080/CircleAreaSOAP/CircleArea.wsdl</file>
            <file>file:/Users/aomms/componentbased/CircleClient/src/circleclient/CircleClient.java</file>
        </group>
    </open-files>
</project-private>
